FISCAL_YR,Channel,total_net_sales,total_custs,FISCAL_QTR,FISCAL_MO,recency_net_sales_total,recency_cust_total,Recency,chan_rec_sales_pct,chan_rec_cust_pct,chan_rec_seg_sales,chan_rec__seg_custs,Customer_Type,Segment,chan_rec_sales,chan_rec__custs,sales_pct,cust_pct,d_p_cust
2018,D,13975449.0619727,130751,1,1,568908.952712297,6912,0,4.07077404231898e-002,5.28638404295187e-002,547016.662672281,6489,NTB_1,1,578286.502749205,6688,0.9459267,0.9702452,84.2990696058378
2018,D,13975449.0619727,130751,1,1,568908.952712297,6912,0,4.07077404231898e-002,5.28638404295187e-002,31269.8400769234,199,NTB__Omni,_Omni,578286.502749205,6688,5.407327e-002,2.975478e-002,157.134874758409
2018,D,23636373.039701,216439,1,2,1302571.22333169,15401,0,5.51087606014602e-002,7.11563073198453e-002,1219507.37368488,14066,NTB_1,1,1359945.78346174,14759,0.8967323,0.9530456,86.6989459466005
2018,D,23636373.039701,216439,1,2,1302571.22333169,15401,0,5.51087606014602e-002,7.11563073198453e-002,140438.409776859,693,NTB__Omni,_Omni,1359945.78346174,14759,0.1032677,4.69544e-002,202.652827960835
2018,D,19606276.8700883,164841,1,3,1358877.98128366,13249,0,6.93083133675824e-002,8.03744214121487e-002,1290771.98130226,12276,NTB_1,1,1409439.32156214,12804,0.9158053,0.9587629,105.145974364798
2018,D,19606276.8700883,164841,1,3,1358877.98128366,13249,0,6.93083133675824e-002,8.03744214121487e-002,118667.34025988,528,NTB__Omni,_Omni,1409439.32156214,12804,8.419471e-002,4.123711e-002,224.748750492197
2018,D,20889261.7653382,183767,2,4,1464415.54216313,15938,0,7.01037479741413e-002,8.67293910223272e-002,1382787.88234019,14670,NTB_1,1,1534301.01240311,15404,0.9012494,0.95235,94.2595693483431
2018,D,20889261.7653382,183767,2,4,1464415.54216313,15938,0,7.01037479741413e-002,8.67293910223272e-002,151513.130062915,734,NTB__Omni,_Omni,1534301.01240311,15404,9.875059e-002,4.764996e-002,206.421158123863
2018,D,21463118.0543538,200209,2,5,1119251.6281724,13021,0,5.21476714304963e-002,6.50370362970696e-002,1037341.49769998,11641,NTB_1,1,1168690.59872019,12350,0.88761,0.9425911,89.1110297826627
2018,D,21463118.0543538,200209,2,5,1119251.6281724,13021,0,5.21476714304963e-002,6.50370362970696e-002,131349.101020209,709,NTB__Omni,_Omni,1168690.59872019,12350,0.11239,5.740891e-002,185.259662934005
2018,D,14887841.2669297,165088,2,6,556746.773444891,8313,0,3.73960712948753e-002,5.03549622019771e-002,521993.793375969,7578,NTB_1,1,581382.263652749,7978,0.8978496,0.9498621,68.8827914193678
2018,D,14887841.2669297,165088,2,6,556746.773444891,8313,0,3.73960712948753e-002,5.03549622019771e-002,59388.4702767804,400,NTB__Omni,_Omni,581382.263652749,7978,0.1021505,5.013788e-002,148.471175691951
2018,D,14047948.0519474,148762,3,7,539621.233332872,7849,0,3.84128152622311e-002,5.27621301138732e-002,505776.10311842,7203,NTB_1,1,556989.173455134,7533,0.9080538,0.9561927,70.2174237287824
2018,D,14047948.0519474,148762,3,7,539621.233332872,7849,0,3.84128152622311e-002,5.27621301138732e-002,51213.0703367144,330,NTB__Omni,_Omni,556989.173455134,7533,9.194626e-002,4.380725e-002,155.191122232468
2018,D,22840199.4828761,181300,3,8,1232647.37761211,12470,0,5.39683280146596e-002,6.87810259238831e-002,1153497.33711195,11491,NTB_1,1,1287333.17757735,12077,0.8960364,0.951478,100.382676626225
2018,D,22840199.4828761,181300,3,8,1232647.37761211,12470,0,5.39683280146596e-002,6.87810259238831e-002,133835.840465404,586,NTB__Omni,_Omni,1287333.17757735,12077,0.1039636,4.852198e-002,228.388806254956
2018,D,19141348.8175062,144468,3,9,1275957.3543973,11611,0,6.66597409912063e-002,8.03707395409364e-002,1213128.93409395,10931,NTB_1,1,1305329.96449995,11316,0.9293658,0.9659774,110.980599587774
2018,D,19141348.8175062,144468,3,9,1275957.3543973,11611,0,6.66597409912063e-002,8.03707395409364e-002,92201.0304059982,385,NTB__Omni,_Omni,1305329.96449995,11316,7.063427e-002,3.402262e-002,239.483195859736
2018,D,25125217.6664745,223096,4,10,1680091.64821076,20050,0,6.68687400249899e-002,8.98716247713989e-002,1608600.6171248,19043,NTB_1,1,1706092.50799584,19569,0.9428566,0.9731207,84.4720168631411
2018,D,25125217.6664745,223096,4,10,1680091.64821076,20050,0,6.68687400249899e-002,8.98716247713989e-002,97491.890871048,526,NTB__Omni,_Omni,1706092.50799584,19569,5.714338e-002,2.687925e-002,185.345800135072
2018,D,21032076.0773907,207167,4,11,1414998.63686299,18696,0,6.72781246918418e-002,9.02460333933493e-002,1357022.88575053,17545,NTB_1,1,1460482.37724948,18247,0.9291607,0.9615279,77.3452770447724
2018,D,21032076.0773907,207167,4,11,1414998.63686299,18696,0,6.72781246918418e-002,9.02460333933493e-002,103459.491498947,702,NTB__Omni,_Omni,1460482.37724948,18247,7.083926e-002,3.847208e-002,147.378193018443
2018,D,13181980.3153505,144303,4,12,507729.260774374,7225,0,3.85169184468527e-002,5.00682591491514e-002,486277.831014395,6808,NTB_1,1,516137.400934275,7031,0.942148,0.9682833,71.4274134862507
2018,D,13181980.3153505,144303,4,12,507729.260774374,7225,0,3.85169184468527e-002,5.00682591491514e-002,29859.5699198805,223,NTB__Omni,_Omni,516137.400934275,7031,5.785198e-002,3.171668e-002,133.899416681078
2018,R,25984910.8075265,162619,1,1,1538750.39162105,11556,0,5.92170742096738e-002,7.10618070459171e-002,1466224.16159659,11133,NTB_1,1,1529372.84158414,11357,0.9587094,0.9802765,131.700724117183
2018,R,25984910.8075265,162619,1,1,1538750.39162105,11556,0,5.92170742096738e-002,7.10618070459171e-002,63148.6799875498,224,NTB__Omni,_Omni,1529372.84158414,11357,4.129057e-002,1.972352e-002,281.913749944419
2018,R,46923019.5253469,278165,1,2,3182237.02819238,23166,0,6.78182491319298e-002,8.32815055812198e-002,2944172.31839046,21831,NTB_1,1,3124862.46806233,22473,0.9421766,0.9714324,134.86199983466
2018,R,46923019.5253469,278165,1,2,3182237.02819238,23166,0,6.78182491319298e-002,8.32815055812198e-002,180690.149671867,642,NTB__Omni,_Omni,3124862.46806233,22473,5.782339e-002,2.856761e-002,281.448831264591
2018,R,42252886.1876336,234895,1,3,3192794.29093936,19902,0,0.07556393371002,8.4727218544456e-002,2996753.30069638,18929,NTB_1,1,3142232.95066089,19374,0.9537019,0.9770311,158.31545780001
2018,R,42252886.1876336,234895,1,3,3192794.29093936,19902,0,0.07556393371002,8.4727218544456e-002,145479.649964504,445,NTB__Omni,_Omni,3142232.95066089,19374,4.629818e-002,2.296893e-002,326.920561717986
2018,R,46557260.6450495,271674,2,4,3582162.73185521,23873,0,7.69410116107445e-002,8.7873701568792e-002,3353550.43158685,22605,NTB_1,1,3512277.26161524,23139,0.954808,0.9769221,148.354365476083
2018,R,46557260.6450495,271674,2,4,3582162.73185521,23873,0,7.69410116107445e-002,8.7873701568792e-002,158726.830028385,534,NTB__Omni,_Omni,3512277.26161524,23139,0.045192,2.307792e-002,297.241254734803
2018,R,41059074.6706537,269321,2,5,3022978.18072066,22588,0,7.36250927467024e-002,8.3870177223462e-002,2785062.63958542,21208,NTB_1,1,2973539.21017287,21879,0.9366154,0.9693313,131.32132400912
2018,R,41059074.6706537,269321,2,5,3022978.18072066,22588,0,7.36250927467024e-002,8.3870177223462e-002,188476.570587453,671,NTB__Omni,_Omni,2973539.21017287,21879,6.338459e-002,3.066868e-002,280.889076881449
2018,R,27508762.9410479,220127,2,6,1808081.04566721,17980,0,6.57274574484496e-002,8.16801210210469e-002,1707000.26517209,17245,NTB_1,1,1783445.55545935,17580,0.9571362,0.9809443,98.9852284820002
2018,R,27508762.9410479,220127,2,6,1808081.04566721,17980,0,6.57274574484496e-002,8.16801210210469e-002,76445.2902872562,335,NTB__Omni,_Omni,1783445.55545935,17580,4.286382e-002,1.905574e-002,228.194896379869
2018,R,26922721.7963525,198775,3,7,1671249.96359467,15253,0,0.06207581745398,7.67350018865551e-002,1574837.87329621,14607,NTB_1,1,1653882.0234724,14923,0.9522069,0.9788246,107.813916156378
2018,R,26922721.7963525,198775,3,7,1671249.96359467,15253,0,0.06207581745398,7.67350018865551e-002,79044.1501761936,316,NTB__Omni,_Omni,1653882.0234724,14923,4.77931e-002,2.117537e-002,250.139715747448
2018,R,47006425.9501142,258105,3,8,2740170.4281035,18397,0,5.82935284425052e-002,7.12771933902869e-002,2545316.81750078,17418,NTB_1,1,2685484.62813826,17811,0.9478054,0.977935,146.131405299161
2018,R,47006425.9501142,258105,3,8,2740170.4281035,18397,0,5.82935284425052e-002,7.12771933902869e-002,140167.810637474,393,NTB__Omni,_Omni,2685484.62813826,17811,5.219461e-002,2.206502e-002,356.661095769654
2018,R,38078495.689839,211722,3,9,2261928.34525407,14513,0,5.94017254168382e-002,6.85474348438046e-002,2126850.53500248,13833,NTB_1,1,2232555.73515142,14128,0.9526528,0.9791195,153.751936311897
2018,R,38078495.689839,211722,3,9,2261928.34525407,14513,0,5.94017254168382e-002,6.85474348438046e-002,105705.200148944,295,NTB__Omni,_Omni,2232555.73515142,14128,4.734717e-002,2.088052e-002,358.322712369301
2018,R,38765703.2723884,246102,4,10,2337320.82571158,19076,0,6.02935230992283e-002,7.75125760863382e-002,2170917.07510071,18069,NTB_1,1,2311319.9659265,18550,0.9392542,0.9740701,120.145944717511
2018,R,38765703.2723884,246102,4,10,2337320.82571158,19076,0,6.02935230992283e-002,7.75125760863382e-002,140402.890825788,481,NTB__Omni,_Omni,2311319.9659265,18550,6.074576e-002,2.592992e-002,291.897901924714
2018,R,40816612.682969,309523,4,11,3100198.01622715,30433,0,7.59543189021349e-002,9.83222571505187e-002,2954985.69529077,29282,NTB_1,1,3054714.27584067,29731,0.9673526,0.9848979,100.914749514745
2018,R,40816612.682969,309523,4,11,3100198.01622715,30433,0,7.59543189021349e-002,9.83222571505187e-002,99728.5805498995,449,NTB__Omni,_Omni,3054714.27584067,29731,3.264743e-002,1.510208e-002,222.112651558796
2018,R,21565467.4703316,172552,4,12,1254001.31339832,12487,0,5.81485801373655e-002,7.23665909407019e-002,1196774.23327084,12070,NTB_1,1,1245593.17323842,12264,0.9608067,0.9841813,99.1527948028867
2018,R,21565467.4703316,172552,4,12,1254001.31339832,12487,0,5.81485801373655e-002,7.23665909407019e-002,48818.9399675801,194,NTB__Omni,_Omni,1245593.17323842,12264,3.919332e-002,1.581866e-002,251.644020451444
2018,D,13975449.0619727,130751,1,1,12223124.8535007,110866,1,0.874614103582539,0.847917033139326,10971180.3336145,96073,Existing_1,1,12936546.8522272,104400,0.8480764,0.9202394,114.196291711662
2018,D,13975449.0619727,130751,1,1,12223124.8535007,110866,1,0.874614103582539,0.847917033139326,1965366.51861276,8327,Existing__Omni,_Omni,12936546.8522272,104400,0.1519236,7.976054e-002,236.023359987122
2018,D,23636373.039701,216439,1,2,20092808.3085523,176021,1,0.850080013325363,0.813259163089831,16987449.2772152,140565,Existing_1,1,21946523.6998503,160268,0.7740383,0.8770621,120.851202484368
2018,D,23636373.039701,216439,1,2,20092808.3085523,176021,1,0.850080013325363,0.813259163089831,4959074.42263507,19703,Existing__Omni,_Omni,21946523.6998503,160268,0.2259617,0.1229378,251.691337493533
2018,D,19606276.8700883,164841,1,3,16036169.2120669,131183,1,0.817909964157037,0.795815361469537,13863140.9599664,108327,Existing_1,1,17056729.419935,119981,0.8127667,0.902868,127.974936626754
2018,D,19606276.8700883,164841,1,3,16036169.2120669,131183,1,0.817909964157037,0.795815361469537,3193588.45996857,11654,Existing__Omni,_Omni,17056729.419935,119981,0.1872333,9.713205e-002,274.033675988379
2018,D,20889261.7653382,183767,2,4,17251105.1465521,145253,1,0.825836036732378,0.790419389770742,14834609.8941698,118626,Existing_1,1,18628101.6540008,133241,0.7963565,0.8903115,125.05361298678
2018,D,20889261.7653382,183767,2,4,17251105.1465521,145253,1,0.825836036732378,0.790419389770742,3793491.75983096,14615,Existing__Omni,_Omni,18628101.6540008,133241,0.2036435,0.1096885,259.561529923432
2018,D,21463118.0543538,200209,2,5,18414525.0602804,165786,1,0.857961318278498,0.828064672417324,15702344.5115435,134063,Existing_1,1,19508887.5727097,150489,0.8048816,0.8908492,117.126608471715
2018,D,21463118.0543538,200209,2,5,18414525.0602804,165786,1,0.857961318278498,0.828064672417324,3806543.06116622,16426,Existing__Omni,_Omni,19508887.5727097,150489,0.1951184,0.1091508,231.738893289067
2018,D,14887841.2669297,165088,2,6,13174447.7161216,141323,1,0.884913230864831,0.856046472184532,11514548.1169062,117180,Existing_1,1,14100925.9952434,130654,0.816581,0.8968726,98.2637661452992
2018,D,14887841.2669297,165088,2,6,13174447.7161216,141323,1,0.884913230864831,0.856046472184532,2586377.87833721,13474,Existing__Omni,_Omni,14100925.9952434,130654,0.183419,0.1031273,191.953234253912
2018,D,14047948.0519474,148762,3,7,12376742.9207182,126708,1,0.881035641287306,0.851749774808083,10966659.9273243,106708,Existing_1,1,13180743.576508,117698,0.8320214,0.9066254,102.772612431348
2018,D,14047948.0519474,148762,3,7,12376742.9207182,126708,1,0.881035641287306,0.851749774808083,2214083.64918372,10990,Existing__Omni,_Omni,13180743.576508,117698,0.1679787,9.337457e-002,201.463480362486
2018,D,22840199.4828761,181300,3,8,19427726.3097508,147565,1,0.850593547762851,0.813927192498621,16474834.0628619,118967,Existing_1,1,21270656.1843298,135770,0.7745334,0.8762392,138.48238640011
2018,D,22840199.4828761,181300,3,8,19427726.3097508,147565,1,0.850593547762851,0.813927192498621,4795822.12146787,16803,Existing__Omni,_Omni,21270656.1843298,135770,0.2254666,0.1237608,285.414635569117
2018,D,19141348.8175062,144468,3,9,15670519.5937423,114042,1,0.818673738363223,0.789392806711521,13634323.6424965,95552,Existing_1,1,16597879.267018,105661,0.8214498,0.9043261,142.690091703957
2018,D,19141348.8175062,144468,3,9,15670519.5937423,114042,1,0.818673738363223,0.789392806711521,2963555.62452155,10109,Existing__Omni,_Omni,16597879.267018,105661,0.1785503,9.56739e-002,293.160117174948
2018,D,25125217.6664745,223096,4,10,20859617.7266749,174849,1,0.830226348825177,0.783738838885502,17899683.0491484,143716,Existing_1,1,21721805.2184521,158738,0.8240421,0.9053661,124.54899279933
2018,D,25125217.6664745,223096,4,10,20859617.7266749,174849,1,0.830226348825177,0.783738838885502,3822122.16930362,15022,Existing__Omni,_Omni,21721805.2184521,158738,0.1759579,9.463392e-002,254.43497332603
2018,D,21032076.0773907,207167,4,11,17437979.6730361,163431,1,0.829113569619587,0.78888529543798,14775325.7198789,130679,Existing_1,1,18904810.0218438,149634,0.7815644,0.8733242,113.065800318941
2018,D,21032076.0773907,207167,4,11,17437979.6730361,163431,1,0.829113569619587,0.78888529543798,4129484.30196491,18955,Existing__Omni,_Omni,18904810.0218438,149634,0.2184356,0.1266758,217.857256764173
2018,D,13181980.3153505,144303,4,12,11742699.6907137,124734,1,0.890814536950808,0.864389513731523,10533162.9766154,106802,Existing_1,1,12565041.7686132,117663,0.8382911,0.907694,98.6232746260878
2018,D,13181980.3153505,144303,4,12,11742699.6907137,124734,1,0.890814536950808,0.864389513731523,2031878.79199782,10861,Existing__Omni,_Omni,12565041.7686132,117663,0.1617089,0.092306,187.080268115074
2018,R,25984910.8075265,162619,1,1,21519713.4644126,130615,1,0.828161913804972,0.803196428461619,19000552.6218028,115822,Existing_1,1,20806291.4656861,122288,0.9132119,0.9471248,164.049598710114
2018,R,25984910.8075265,162619,1,1,21519713.4644126,130615,1,0.828161913804972,0.803196428461619,1805738.84388331,6466,Existing__Omni,_Omni,20806291.4656861,122288,8.678812e-002,5.287518e-002,279.266755936175
2018,R,46923019.5253469,278165,1,2,38260216.1121431,216334,1,0.815382652249728,0.777718260744522,31563904.9585695,180878,Existing_1,1,36406500.720845,196631,0.8669854,0.9198855,174.503836611249
2018,R,46923019.5253469,278165,1,2,38260216.1121431,216334,1,0.815382652249728,0.777718260744522,4842595.76227556,15753,Existing__Omni,_Omni,36406500.720845,196631,0.1330146,8.011453e-002,307.407843729801
2018,R,42252886.1876336,234895,1,3,33499406.9152311,181266,1,0.792831210783314,0.771689478277528,28917595.7606732,158410,Existing_1,1,32478846.707363,169612,0.8903517,0.9339551,182.549054735643
2018,R,42252886.1876336,234895,1,3,33499406.9152311,181266,1,0.792831210783314,0.771689478277528,3561250.94668985,11202,Existing__Omni,_Omni,32478846.707363,169612,0.1096483,6.604485e-002,317.912064514359
2018,R,46557260.6450495,271674,2,4,36798297.2423967,208039,1,0.790387938047843,0.765767059048713,31694117.28799,181412,Existing_1,1,35421300.734948,193424,0.8947756,0.9378981,174.707942627775
2018,R,46557260.6450495,271674,2,4,36798297.2423967,208039,1,0.790387938047843,0.765767059048713,3727183.44695798,12012,Existing__Omni,_Omni,35421300.734948,193424,0.1052244,6.210191e-002,310.288332247584
2018,R,41059074.6706537,269321,2,5,32684655.0224225,208156,1,0.796039737490317,0.77289182796737,27296333.5317503,176433,Existing_1,1,31590292.5099932,191730,0.8640735,0.9202159,154.712177040295
2018,R,41059074.6706537,269321,2,5,32684655.0224225,208156,1,0.796039737490317,0.77289182796737,4293958.97824286,15297,Existing__Omni,_Omni,31590292.5099932,191730,0.1359265,7.978407e-002,280.70595399378
2018,R,27508762.9410479,220127,2,6,22558277.5297783,173115,1,0.820039693465002,0.786432377672889,19182163.0056025,148972,Existing_1,1,21631799.2506565,159641,0.8867576,0.9331688,128.763546207358
2018,R,27508762.9410479,220127,2,6,22558277.5297783,173115,1,0.820039693465002,0.786432377672889,2449636.24505398,10669,Existing__Omni,_Omni,21631799.2506565,159641,0.1132424,6.68312e-002,229.603172279874
2018,R,26922721.7963525,198775,3,7,22287540.2800601,157999,1,0.827833844165028,0.794863539177462,19277709.9886315,137999,Existing_1,1,21483539.6242702,147009,0.8973247,0.9387112,139.694562921698
2018,R,26922721.7963525,198775,3,7,22287540.2800601,157999,1,0.827833844165028,0.794863539177462,2205829.63563878,9010,Existing__Omni,_Omni,21483539.6242702,147009,0.1026753,6.128876e-002,244.820159338377
2018,R,47006425.9501142,258105,3,8,39103738.3336712,205564,1,0.831880695953575,0.796435559171655,32970414.3524002,176966,Existing_1,1,37260808.4590923,188761,0.884855,0.9375136,186.309315644814
2018,R,47006425.9501142,258105,3,8,39103738.3336712,205564,1,0.831880695953575,0.796435559171655,4290394.10669202,11795,Existing__Omni,_Omni,37260808.4590923,188761,0.115145,6.248643e-002,363.746850927683
2018,R,38078495.689839,211722,3,9,31259171.8383045,169199,1,0.820914042742654,0.799156440993378,27450044.1950839,150709,Existing_1,1,30331812.1650287,159090,0.9049919,0.9473191,182.139382486009
2018,R,38078495.689839,211722,3,9,31259171.8383045,169199,1,0.820914042742654,0.799156440993378,2881767.96994479,8381,Existing__Omni,_Omni,30331812.1650287,159090,9.500811e-002,5.268087e-002,343.845360928862
2018,R,38765703.2723884,246102,4,10,32073700.4115329,193503,1,0.827373108290234,0.786271545944365,26328795.5100166,162370,Existing_1,1,31211512.9197558,178481,0.8435604,0.9097327,162.153079448276
2018,R,38765703.2723884,246102,4,10,32073700.4115329,193503,1,0.827373108290234,0.786271545944365,4882717.40973921,16111,Existing__Omni,_Omni,31211512.9197558,178481,0.1564396,9.026731e-002,303.067308654907
2018,R,40816612.682969,309523,4,11,32116316.4097701,229066,1,0.786844235684722,0.740061320160376,27159826.2861782,196314,Existing_1,1,30649486.0609624,210111,0.886143,0.9343347,138.34890168902
2018,R,40816612.682969,309523,4,11,32116316.4097701,229066,1,0.786844235684722,0.740061320160376,3489659.77478417,13797,Existing__Omni,_Omni,30649486.0609624,210111,0.113857,6.566529e-002,252.928881262896
2018,R,21565467.4703316,172552,4,12,18124570.1072267,139595,1,0.840444109647118,0.80900250359312,15704163.7624326,121663,Existing_1,1,17302228.0293271,128734,0.9076383,0.9450728,129.07920865368
2018,R,21565467.4703316,172552,4,12,18124570.1072267,139595,1,0.840444109647118,0.80900250359312,1598064.26689448,7071,Existing__Omni,_Omni,17302228.0293271,128734,9.236176e-002,5.492721e-002,226.002583353766
2018,D,13975449.0619727,130751,1,1,1183313.64575911,12971,2,8.46708853870684e-002,9.92038301810311e-002,1135111.91559815,12172,React_1,1,1220618.69596086,12606,0.929948,0.9655719,93.255990436917
2018,D,13975449.0619727,130751,1,1,1183313.64575911,12971,2,8.46708853870684e-002,9.92038301810311e-002,85506.7803627029,434,React__Omni,_Omni,1220618.69596086,12606,0.070052,3.442805e-002,197.020231250468
2018,D,23636373.039701,216439,1,2,2240993.50781703,25017,2,9.48112260731767e-002,0.115584529590323,2090394.85777187,22700,React_1,1,2326812.47832264,23945,0.8983942,0.9480059,92.0878791969988
2018,D,23636373.039701,216439,1,2,2240993.50781703,25017,2,9.48112260731767e-002,0.115584529590323,236417.620550767,1245,React__Omni,_Omni,2326812.47832264,23945,0.1016058,5.199415e-002,189.893671125114
2018,D,19606276.8700883,164841,1,3,2211229.67673779,20409,2,0.112781722475381,0.123810217118314,2080774.74657917,18706,React_1,1,2284171.00714406,19618,0.910954,0.9535121,111.235686227904
2018,D,19606276.8700883,164841,1,3,2211229.67673779,20409,2,0.112781722475381,0.123810217118314,203396.260564886,912,React__Omni,_Omni,2284171.00714406,19618,8.904599e-002,4.648792e-002,223.022215531673
2018,D,20889261.7653382,183767,2,4,2173505.02662373,22575,2,0.104048915229271,0.122845777533507,2034611.74657679,20561,React_1,1,2264349.99703309,21618,0.8985412,0.9511055,98.954902318797
2018,D,20889261.7653382,183767,2,4,2173505.02662373,22575,2,0.104048915229271,0.122845777533507,229738.250456303,1057,React__Omni,_Omni,2264349.99703309,21618,0.1014588,4.889444e-002,217.349338180041
2018,D,21463118.0543538,200209,2,5,1929277.20590353,21400,2,8.98880209770906e-002,0.106888301724698,1784442.56476188,19111,React_1,1,1988854.31636975,20219,0.8972213,0.9452001,93.3725375313629
2018,D,21463118.0543538,200209,2,5,1929277.20590353,21400,2,8.98880209770906e-002,0.106888301724698,204411.751607869,1108,React__Omni,_Omni,1988854.31636975,20219,0.1027786,5.479994e-002,184.487140440315
2018,D,14887841.2669297,165088,2,6,1156340.18736506,15451,2,7.76701045257397e-002,9.35925082380306e-002,1092413.05719781,14081,React_1,1,1197535.72775003,14825,0.9122175,0.9498145,77.5806446415602
2018,D,14887841.2669297,165088,2,6,1156340.18736506,15451,2,7.76701045257397e-002,9.35925082380306e-002,105122.67055222,744,React__Omni,_Omni,1197535.72775003,14825,8.778249e-002,5.01855e-002,141.293912032554
2018,D,14047948.0519474,148762,3,7,1131583.89789629,14205,2,8.05515434504634e-002,9.54880950780441e-002,1074432.97739077,13203,React_1,1,1149213.62789392,13692,0.9349288,0.9642857,81.3779426941427
2018,D,14047948.0519474,148762,3,7,1131583.89789629,14205,2,8.05515434504634e-002,9.54880950780441e-002,74780.6505031586,489,React__Omni,_Omni,1149213.62789392,13692,6.507115e-002,3.571429e-002,152.925665650631
2018,D,22840199.4828761,181300,3,8,2179825.79551315,21265,2,9.54381242224889e-002,0.117291781577496,2028039.7443161,19260,React_1,1,2284957.84579749,20485,0.8875611,0.9402002,105.298013723577
2018,D,22840199.4828761,181300,3,8,2179825.79551315,21265,2,9.54381242224889e-002,0.117291781577496,256918.101481386,1225,React__Omni,_Omni,2284957.84579749,20485,0.1124389,5.979985e-002,209.729062433784
2018,D,19141348.8175062,144468,3,9,2194871.86936665,18815,2,0.114666520645571,0.130236453747543,2077520.24850178,17440,React_1,1,2270620.19966435,18257,0.9149572,0.95525,119.123867459964
2018,D,19141348.8175062,144468,3,9,2194871.86936665,18815,2,0.114666520645571,0.130236453747543,193099.951162569,817,React__Omni,_Omni,2270620.19966435,18257,8.504282e-002,4.474996e-002,236.352449403389
2018,D,25125217.6664745,223096,4,10,2585508.29158878,28197,2,0.102904911149834,0.126389536343099,2465585.94956493,26322,React_1,1,2649807.00134581,27323,0.9304776,0.9633642,93.670159925725
2018,D,25125217.6664745,223096,4,10,2585508.29158878,28197,2,0.102904911149834,0.126389536343099,184221.051780876,1001,React__Omni,_Omni,2649807.00134581,27323,6.952244e-002,3.66358e-002,184.03701476611
2018,D,21032076.0773907,207167,4,11,2179097.76749158,25040,2,0.103608305688571,0.120868671168671,2047815.22510934,22755,React_1,1,2265600.22825346,24107,0.9038731,0.9439167,89.9940771307114
2018,D,21032076.0773907,207167,4,11,2179097.76749158,25040,2,0.103608305688571,0.120868671168671,217785.003144119,1352,React__Omni,_Omni,2265600.22825346,24107,9.612685e-002,5.60833e-002,161.083582207189
2018,D,13181980.3153505,144303,4,12,931490.893863201,12342,2,7.06639572795046e-002,8.55283673936093e-002,888890.14370203,11477,React_1,1,958067.674176313,11972,0.9277948,0.9586535,77.4496944935114
2018,D,13181980.3153505,144303,4,12,931490.893863201,12342,2,7.06639572795046e-002,8.55283673936093e-002,69177.5304742828,495,React__Omni,_Omni,958067.674176313,11972,7.220527e-002,4.134648e-002,139.752586816733
2018,R,25984910.8075265,162619,1,1,2924579.13148166,20437,2,0.112549131037793,0.125674121720094,2797582.45099206,19638,React_1,1,2887274.08127991,20003,0.9689355,0.9817528,142.457605203792
2018,R,25984910.8075265,162619,1,1,2924579.13148166,20437,2,0.112549131037793,0.125674121720094,89691.6302878484,365,React__Omni,_Omni,2887274.08127991,20003,3.106447e-002,1.824726e-002,245.730493939311
2018,R,46923019.5253469,278165,1,2,5478066.24501011,38653,2,0.116745816881008,0.138957093811227,5085183.35477951,36336,React_1,1,5392247.2745045,37408,0.9430546,0.971343,139.948903423038
2018,R,46923019.5253469,278165,1,2,5478066.24501011,38653,2,0.116745816881008,0.138957093811227,307063.919724993,1072,React__Omni,_Omni,5392247.2745045,37408,5.694544e-002,2.865697e-002,286.440223624061
2018,R,42252886.1876336,234895,1,3,5558477.40144794,33714,2,0.131552608661199,0.143527959300964,5236231.91051769,32011,React_1,1,5485536.07104166,32802,0.9545525,0.9758856,163.576017947508
2018,R,42252886.1876336,234895,1,3,5558477.40144794,33714,2,0.131552608661199,0.143527959300964,249304.160523973,791,React__Omni,_Omni,5485536.07104166,32802,4.544755e-002,2.411438e-002,315.175929865959
2018,R,46557260.6450495,271674,2,4,6174127.03077915,39745,2,0.132613623422787,0.14629666438452,5789635.83020099,37731,React_1,1,6083282.06036979,38688,0.951729,0.9752637,153.44506719146
2018,R,46557260.6450495,271674,2,4,6174127.03077915,39745,2,0.132613623422787,0.14629666438452,293646.230168793,957,React__Omni,_Omni,6083282.06036979,38688,4.827102e-002,2.473635e-002,306.840365902605
2018,R,41059074.6706537,269321,2,5,5347380.47750505,38553,2,0.13023626373458,0.143148881817608,4949820.40509948,36264,React_1,1,5287803.36703883,37445,0.9360825,0.9684604,136.494054850526
2018,R,41059074.6706537,269321,2,5,5347380.47750505,38553,2,0.13023626373458,0.143148881817608,337982.961939353,1181,React__Omni,_Omni,5287803.36703883,37445,6.391746e-002,3.153959e-002,286.183710363551
2018,R,27508762.9410479,220127,2,6,3140564.34558187,29015,2,0.114165960581804,0.131810273160494,2966145.0945472,27645,React_1,1,3099368.8051969,28271,0.9570159,0.9778572,107.294089149836
2018,R,27508762.9410479,220127,2,6,3140564.34558187,29015,2,0.114165960581804,0.131810273160494,133223.710649692,626,React__Omni,_Omni,3099368.8051969,28271,4.298414e-002,2.214283e-002,212.817429152862
2018,R,26922721.7963525,198775,3,7,2962159.79268608,25507,2,0.110024529283937,0.128320965916237,2817481.90200164,24505,React_1,1,2944530.06268844,25018,0.9568528,0.9794948,114.975796857851
2018,R,26922721.7963525,198775,3,7,2962159.79268608,25507,2,0.110024529283937,0.128320965916237,127048.160686798,513,React__Omni,_Omni,2944530.06268844,25018,4.314718e-002,2.050524e-002,247.657233307599
2018,R,47006425.9501142,258105,3,8,5156517.86830397,34111,2,0.109698147946333,0.132159392495302,4788673.03658765,32106,React_1,1,5051385.81801964,32886,0.947992,0.9762817,149.151966504318
2018,R,47006425.9501142,258105,3,8,5156517.86830397,34111,2,0.109698147946333,0.132159392495302,262712.781431992,780,React__Omni,_Omni,5051385.81801964,32886,5.200806e-002,2.37183e-002,336.811258246143
2018,R,38078495.689839,211722,3,9,4555783.49627064,28002,2,0.119641897972517,0.132258338764984,4288287.57523001,26627,React_1,1,4480035.16597294,27185,0.9571995,0.9794739,161.050346461487
2018,R,38078495.689839,211722,3,9,4555783.49627064,28002,2,0.119641897972517,0.132258338764984,191747.590742931,558,React__Omni,_Omni,4480035.16597294,27185,4.280046e-002,2.052603e-002,343.633675166543
2018,R,38765703.2723884,246102,4,10,4353687.05514058,33517,2,0.112307702108466,0.136191497834231,4049538.72373303,31642,React_1,1,4289388.34538355,32516,0.944083,0.9731209,127.979859798149
2018,R,38765703.2723884,246102,4,10,4353687.05514058,33517,2,0.112307702108466,0.136191497834231,239849.621650528,874,React__Omni,_Omni,4289388.34538355,32516,5.591698e-002,2.687907e-002,274.427484726005
2018,R,40816612.682969,309523,4,11,5599750.49696818,50020,2,0.137192925352787,0.161603499578384,5310891.79471611,47735,React_1,1,5513248.0362063,48668,0.9632964,0.9808293,111.257814909733
2018,R,40816612.682969,309523,4,11,5599750.49696818,50020,2,0.137192925352787,0.161603499578384,202356.241490189,933,React__Omni,_Omni,5513248.0362063,48668,3.670364e-002,1.917071e-002,216.887718639002
2018,R,21565467.4703316,172552,4,12,2186216.46970663,20463,2,0.101375797798693,0.118590337985071,2077925.55919002,19598,React_1,1,2159639.68939352,19968,0.9621631,0.9814703,106.027429288194
2018,R,21565467.4703316,172552,4,12,2186216.46970663,20463,2,0.101375797798693,0.118590337985071,81714.1302035004,370,React__Omni,_Omni,2159639.68939352,19968,3.783693e-002,1.852965e-002,220.849000550001
